channel,model_estimate,true_value
TV,17276.53643035716,39528.0
Search,22182.10702574168,23741.407692307694
Social,38755.36130916183,23184.7
Email,5027.279808279331,4650.830769230769
